{
	"class_name" : "PinholeCameraParameters",
	"extrinsic" : 
	[
		-0.11471658601638238,
		0.21649833421409587,
		-0.96951976574759313,
		0.0,
		0.99014750601828061,
		-0.053971021208660874,
		-0.12920930769674957,
		0.0,
		-0.080299571720682097,
		-0.97479002875091825,
		-0.20817391438232388,
		0.0,
		285.00850291364134,
		104.81811476765134,
		-232.4713448084953,
		1.0
	],
	"intrinsic" : 
	{
		"height" : 1055,
		"intrinsic_matrix" : 
		[
			913.65680099258282,
			0.0,
			0.0,
			0.0,
			913.65680099258282,
			0.0,
			959.5,
			527.0,
			1.0
		],
		"width" : 1920
	},
	"version_major" : 1,
	"version_minor" : 0
}